<?xml version="1.0" encoding="UTF-8"?>
<project-private xmlns="http://www.netbeans.org/ns/project-private/1">
    <editor-bookmarks xmlns="http://www.netbeans.org/ns/editor-bookmarks/2" lastBookmarkId="0"/>
    <open-files xmlns="http://www.netbeans.org/ns/projectui-open-files/2">
        <group>
            <file>file:/C:/Users/AESHAH/OneDrive/Documents/NetBeansProjects/SmartHospitalManagmentSystem/src/smarthospitalmanagmentsystem/controllers/ViewMedicalHistoryController.java</file>
            <file>file:/C:/Users/AESHAH/OneDrive/Documents/NetBeansProjects/SmartHospitalManagmentSystem/src/smarthospitalmanagmentsystem/DB/DatabaseConnection.java</file>
            <file>file:/C:/Users/AESHAH/OneDrive/Documents/NetBeansProjects/SmartHospitalManagmentSystem/src/smarthospitalmanagmentsystem/controllers/HospitalReportsController.java</file>
            <file>file:/C:/Users/AESHAH/OneDrive/Documents/NetBeansProjects/SmartHospitalManagmentSystem/src/smarthospitalmanagmentsystem/controllers/AddDoctorController.java</file>
            <file>file:/C:/Users/AESHAH/OneDrive/Documents/NetBeansProjects/SmartHospitalManagmentSystem/src/smarthospitalmanagmentsystem/views/View%20Medical%20History.fxml</file>
            <file>file:/C:/Users/AESHAH/OneDrive/Documents/NetBeansProjects/SmartHospitalManagmentSystem/src/smarthospitalmanagmentsystem/models/Appointment.java</file>
            <file>file:/C:/Users/AESHAH/OneDrive/Documents/NetBeansProjects/SmartHospitalManagmentSystem/src/smarthospitalmanagmentsystem/controllers/PatientPageController.java</file>
            <file>file:/C:/Users/AESHAH/OneDrive/Documents/NetBeansProjects/SmartHospitalManagmentSystem/src/smarthospitalmanagmentsystem/models/Patient.java</file>
            <file>file:/C:/Users/AESHAH/OneDrive/Documents/NetBeansProjects/SmartHospitalManagmentSystem/src/smarthospitalmanagmentsystem/controllers/ViewAppointmentsController.java</file>
            <file>file:/C:/Users/AESHAH/OneDrive/Documents/NetBeansProjects/SmartHospitalManagmentSystem/src/smarthospitalmanagmentsystem/SmartHospital_main.java</file>
            <file>file:/C:/Users/AESHAH/OneDrive/Documents/NetBeansProjects/SmartHospitalManagmentSystem/src/smarthospitalmanagmentsystem/models/User.java</file>
            <file>file:/C:/Users/AESHAH/OneDrive/Documents/NetBeansProjects/SmartHospitalManagmentSystem/src/smarthospitalmanagmentsystem/controllers/UpdatePatienthistoryController.java</file>
            <file>file:/C:/Users/AESHAH/OneDrive/Documents/NetBeansProjects/SmartHospitalManagmentSystem/src/smarthospitalmanagmentsystem/controllers/DoctorViewAppointmentsController.java</file>
            <file>file:/C:/Users/AESHAH/OneDrive/Documents/NetBeansProjects/SmartHospitalManagmentSystem/src/smarthospitalmanagmentsystem/controllers/Add_PatientController.java</file>
            <file>file:/C:/Users/AESHAH/OneDrive/Documents/NetBeansProjects/SmartHospitalManagmentSystem/src/smarthospitalmanagmentsystem/controllers/BookingAppointmentController.java</file>
            <file>file:/C:/Users/AESHAH/OneDrive/Documents/NetBeansProjects/SmartHospitalManagmentSystem/src/smarthospitalmanagmentsystem/controllers/BillingSystemController.java</file>
            <file>file:/C:/Users/AESHAH/OneDrive/Documents/NetBeansProjects/SmartHospitalManagmentSystem/src/smarthospitalmanagmentsystem/controllers/ScheduleConsultationController.java</file>
        </group>
    </open-files>
</project-private>
